User_ID,Name,Email
user_001,Vanessa Vazquez,anthonylang@hotmail.com
user_002,Elizabeth Tanner,charlesperez@yahoo.com
user_003,Susan Johnson,jamestaylor@hotmail.com
user_004,Arthur Martinez,ryan47@yahoo.com
user_005,Adam Gilbert,rubencarter@hotmail.com
user_006,Karen Morales,gmarshall@yahoo.com
user_007,Sylvia Camacho,lisa65@allen.org
user_008,Eugene Rivera,barbarabeasley@hotmail.com
user_009,Linda Newman,carlsonsuzanne@turner.com
user_010,Amy Chapman,vschultz@davis.com
user_011,Nicole Gonzalez,christine18@pena-cowan.com
user_012,Jessica Munoz,daniel95@brown-morris.biz
user_013,Benjamin Clark,michael80@hotmail.com
user_014,Mark Bailey,cbrown@johnson-whitehead.com
user_015,Jerry Coleman,phillipswendy@kelly.com
user_016,Maria Lindsey,pdaniel@yahoo.com
user_017,Sherri Hogan,jessicataylor@gmail.com
user_018,Kelly Holt,vlong@hotmail.com
user_019,Ralph Wagner,wpitts@hotmail.com
user_020,Dennis Johnson,amberhenderson@gmail.com
user_021,Julie Rowe,gilbertbryan@gmail.com
user_022,Thomas Arnold,vtaylor@gmail.com
user_023,Kevin Jones,carrie53@yahoo.com
user_024,Kathleen Mcbride,gracehernandez@johnson.com
user_025,Grace Matthews,qray@gmail.com
user_026,Travis Stewart,erin78@gray-bean.com
user_027,Jennifer Reed,nicholasdavid@mcconnell.com
user_028,Eileen Ramos,georgeanthony@gmail.com
user_029,Brittany Nelson,hintoncynthia@yahoo.com
user_030,Cole Reynolds,trose@gmail.com
user_031,Daniel Livingston,justin02@hotmail.com
user_032,Theresa Brown,paul20@yahoo.com
user_033,Frank Ramos,pjohnson@hotmail.com
user_034,Holly Johnson PhD,dennisgreen@morris.biz
user_035,Phyllis Peters,kevincraig@hotmail.com
user_036,Brett Torres,travismary@hernandez-johnson.com
user_037,Richard Brown,brandiknight@hotmail.com
user_038,Robert Williams,mirandarenee@yahoo.com
user_039,Garrett Brown,angelathomas@gomez.net
user_040,Susan Bradford,rebekahrobertson@duarte.com
user_041,Kimberly Hernandez,pamela56@hernandez.com
user_042,Nathan Moore,jose98@hotmail.com
user_043,Daisy Armstrong,michael66@gmail.com
user_044,Kimberly Fields,powellamy@khan-rivera.com
user_045,Desiree Clark,sarah68@gmail.com
user_046,Nicole Miranda,rittertheresa@hall.org
user_047,Clinton Wheeler,lgraham@gmail.com
user_048,Valerie Sutton,lisajohnson@peterson.com
user_049,Karen Ramirez,phillipsangela@gmail.com
user_050,Darin Brown,adam24@yahoo.com
user_051,Phillip Oneal,richard51@hotmail.com
user_052,Jacqueline Joseph,moniquelewis@gmail.com
user_053,Stephen Baker,hartmanjeremy@soto.info
user_054,Cory Evans,briana60@yahoo.com
user_055,Sarah Cruz,briantaylor@yahoo.com
user_056,Brenda Ray,goodmegan@cochran-becker.com
user_057,Steven Brown,kevin57@yahoo.com
user_058,Ashley Li,johnthompson@miller-butler.com
user_059,Charles Peters,rwilliamson@joyce.com
user_060,Joseph Becker,stephenwolfe@flores.org
user_061,Patrick Gray,kristin77@gmail.com
user_062,Mr. Mark Phelps,dfuller@smith.com
user_063,Gene Mason,wvang@hotmail.com
user_064,Vincent Robinson,jwright@dunn.com
user_065,Mrs. Karen Sanchez,haletina@gmail.com
user_066,Mark Nguyen,stephanieklein@gmail.com
user_067,Logan Smith,margaretkemp@hernandez.com
user_068,Travis Patterson,delgadocatherine@fernandez-haynes.com
user_069,Angela Butler,katherinesmith@hotmail.com
user_070,Richard Snyder,rayrobert@hotmail.com
user_071,Sierra Turner,katherinepalmer@gmail.com
user_072,Geoffrey Jones,alisonhouse@navarro.net
user_073,Derek Hurst,smithvictoria@brooks-perez.com
user_074,Thomas Bowman,kimberlyjoseph@doyle.com
user_075,David Mcknight II,jhall@gmail.com
user_076,Antonio Hall,angela99@murphy.com
user_077,Kaitlyn Curtis,bjohnson@jones-arnold.com
user_078,Alejandro Escobar,jwilliams@roth-jones.com
user_079,Dr. Doris Khan DDS,kerryhobbs@garcia.com
user_080,Tonya Brown,chelsea54@gmail.com
user_081,Kayla Alvarez,egarcia@hotmail.com
user_082,Kristen Mcgee,qowens@melendez-garza.biz
user_083,Christopher Martinez,kristievilla@gmail.com
user_084,Kimberly Lee,wsavage@yahoo.com
user_085,Nicole Espinoza,robin65@hotmail.com
user_086,Catherine Gates,kenneth67@yahoo.com
user_087,Sherry Smith,ortegabethany@yahoo.com
user_088,Samantha Ward,sandra95@brown.com
user_089,Jonathan Ortiz,rpreston@hotmail.com
user_090,Edward Wagner,christopherroberts@hall-acevedo.com
user_091,Amanda Davis DDS,melissa19@yahoo.com
user_092,Jeremy Jones,brianaholmes@yahoo.com
user_093,Carly Harrell,smithbrandi@hotmail.com
user_094,Benjamin Harmon,susansharp@lopez.net
user_095,Jennifer Brandt,fstevens@hotmail.com
user_096,Christian Holden,bennettdean@gmail.com
user_097,Veronica Hill,samuel30@gmail.com
user_098,Jessica Schwartz,bowenstephanie@hotmail.com
user_099,Erik Jensen,fmcdaniel@hotmail.com
user_100,William Fernandez,everettderek@hotmail.com
